{"config": {"name": "model_2", "input_layers": [["input_2", 0, 0]], "layers": [{"name": "input_2", "class_name": "InputLayer", "inbound_nodes": [], "config": {"input_dtype": "int32", "name": "input_2", "sparse": false, "batch_input_shape": [null, 32]}}, {"name": "embedding_2", "class_name": "Embedding", "inbound_nodes": [[["input_2", 0, 0]]], "config": {"input_dim": 13439, "trainable": true, "batch_input_shape": [null, 32], "W_regularizer": null, "activity_regularizer": null, "input_dtype": "int32", "input_length": 32, "dropout": 0.0, "W_constraint": null, "output_dim": 200, "init": "uniform", "name": "embedding_2", "mask_zero": false}}, {"name": "convolution1d_2", "class_name": "Convolution1D", "inbound_nodes": [[["embedding_2", 0, 0]]], "config": {"b_constraint": null, "input_dim": null, "nb_filter": 200, "b_regularizer": null, "trainable": true, "subsample_length": 1, "W_regularizer": null, "bias": true, "activity_regularizer": null, "name": "convolution1d_2", "input_length": null, "W_constraint": null, "activation": "tanh", "border_mode": "same", "init": "uniform", "filter_length": 2}}, {"name": "maxpooling1d_2", "class_name": "MaxPooling1D", "inbound_nodes": [[["convolution1d_2", 0, 0]]], "config": {"name": "maxpooling1d_2", "stride": 32, "border_mode": "valid", "trainable": true, "pool_length": 32}}, {"name": "flatten_2", "class_name": "Flatten", "inbound_nodes": [[["maxpooling1d_2", 0, 0]]], "config": {"name": "flatten_2", "trainable": true}}, {"name": "dense_3", "class_name": "Dense", "inbound_nodes": [[["flatten_2", 0, 0]]], "config": {"b_constraint": null, "input_dim": null, "b_regularizer": null, "trainable": true, "W_regularizer": null, "bias": true, "activity_regularizer": null, "name": "dense_3", "output_dim": 64, "W_constraint": null, "activation": "tanh", "init": "glorot_uniform"}}, {"name": "dense_4", "class_name": "Dense", "inbound_nodes": [[["dense_3", 0, 0]]], "config": {"b_constraint": null, "input_dim": null, "b_regularizer": null, "trainable": true, "W_regularizer": null, "bias": true, "activity_regularizer": null, "name": "dense_4", "output_dim": 5, "W_constraint": null, "activation": "softmax", "init": "glorot_uniform"}}], "output_layers": [["dense_4", 0, 0]]}, "keras_version": "1.1.1", "class_name": "Model"}