{"config": {"input_layers": [["input_2", 0, 0]], "name": "model_2", "output_layers": [["dense_4", 0, 0]], "layers": [{"name": "input_2", "class_name": "InputLayer", "inbound_nodes": [], "config": {"sparse": false, "input_dtype": "int32", "batch_input_shape": [null, 32], "name": "input_2"}}, {"name": "embedding_2", "class_name": "Embedding", "inbound_nodes": [[["input_2", 0, 0]]], "config": {"init": "uniform", "input_length": 32, "activity_regularizer": null, "input_dim": 29417, "name": "embedding_2", "mask_zero": false, "batch_input_shape": [null, 32], "dropout": 0.0, "output_dim": 200, "W_constraint": null, "trainable": true, "W_regularizer": null, "input_dtype": "int32"}}, {"name": "convolution1d_2", "class_name": "Convolution1D", "inbound_nodes": [[["embedding_2", 0, 0]]], "config": {"init": "uniform", "input_length": null, "b_regularizer": null, "filter_length": 2, "activation": "tanh", "input_dim": null, "name": "convolution1d_2", "W_regularizer": null, "bias": true, "W_constraint": null, "trainable": true, "subsample_length": 1, "border_mode": "same", "activity_regularizer": null, "nb_filter": 200, "b_constraint": null}}, {"name": "maxpooling1d_2", "class_name": "MaxPooling1D", "inbound_nodes": [[["convolution1d_2", 0, 0]]], "config": {"border_mode": "valid", "name": "maxpooling1d_2", "pool_length": 32, "trainable": true, "stride": 32}}, {"name": "flatten_2", "class_name": "Flatten", "inbound_nodes": [[["maxpooling1d_2", 0, 0]]], "config": {"trainable": true, "name": "flatten_2"}}, {"name": "dense_3", "class_name": "Dense", "inbound_nodes": [[["flatten_2", 0, 0]]], "config": {"init": "glorot_uniform", "b_regularizer": null, "activity_regularizer": null, "activation": "tanh", "input_dim": null, "name": "dense_3", "W_regularizer": null, "output_dim": 64, "W_constraint": null, "trainable": true, "bias": true, "b_constraint": null}}, {"name": "dense_4", "class_name": "Dense", "inbound_nodes": [[["dense_3", 0, 0]]], "config": {"init": "glorot_uniform", "b_regularizer": null, "activity_regularizer": null, "activation": "softmax", "input_dim": null, "name": "dense_4", "W_regularizer": null, "output_dim": 2, "W_constraint": null, "trainable": true, "bias": true, "b_constraint": null}}]}, "keras_version": "1.1.1", "class_name": "Model"}